,contacts_list,create_time,id,is_support_sms,is_support_voip,salesman_list,sms_supplier_code,supplier_name,supplier_status,supplier_type,update_time
0,"[{'contacts': 'Rex', 'email': 'rexwang@cmi.chinamobile.com', 'phone': '1'}]",2022-06-22 17:21:39,265,1,2,"[{'contacts': 'Rex', 'email': 'rexwang@cmi.chinamobile.com', 'phone': '1'}]",11229,11229,1,1,2022-06-22 17:21:57
1,"[{'contacts': 'Rex', 'email': 'rexwang@cmi.chinamobile.com', 'phone': '1'}]",2022-06-21 09:31:40,263,1,2,"[{'contacts': 'Rex', 'email': 'rexwang@cmi.chinamobile.com', 'phone': '1'}]",15332,Bhaoo,1,4,2022-06-21 09:31:53
2,"[{'contacts': 'Rex', 'email': 'rexwang@cmi.chinamobile.com', 'phone': '1'}]",2022-06-21 09:27:11,262,1,2,"[{'contacts': 'Rex', 'email': 'rexwang@cmi.chinamobile.com', 'phone': '1'}]",15333,Roxytel,1,4,2022-06-21 09:27:25
3,"[{'contacts': 'Rex', 'email': 'rexwang@cmi.chinamobile.com', 'phone': '1'}]",2022-06-21 09:19:19,261,1,2,"[{'contacts': 'Rex', 'email': 'rexwang@cmi.chinamobile.com', 'phone': '1'}]",15336,Huake,1,4,2022-06-21 09:19:38
4,"[{'contacts': 'Rex', 'email': 'rexwang@cmi.chinamobile.com', 'phone': '1'}]",2022-06-17 09:42:40,260,1,2,"[{'contacts': 'Rex', 'email': 'rexwang@cmi.chinamobile.com', 'phone': '1'}]",15327,15327,1,4,2022-06-17 09:42:53
5,"[{'contacts': 'Rex', 'email': 'rexwang@cmi.chinamobile.com', 'phone': '1'}]",2022-06-17 09:42:15,259,1,2,"[{'contacts': 'Rex', 'email': 'rexwang@cmi.chinamobile.com', 'phone': '1'}]",15322,15322,1,4,2022-06-17 09:42:29
6,"[{'contacts': 'Rex', 'email': 'rexwang@cmi.chinamobile.com', 'phone': '1'}]",2022-06-14 10:47:38,258,1,2,"[{'contacts': 'Rex', 'email': 'rexwang@cmi.chinamobile.com', 'phone': '1'}]",15323,Teamplus,1,4,2022-06-14 10:47:52
7,"[{'contacts': 'Rex', 'email': 'rexwang@cmi.chinamobile.com', 'phone': '1'}]",2022-06-10 10:37:56,257,1,2,"[{'contacts': 'Rex', 'email': 'rexwang@cmi.chinamobile.com', 'phone': '1'}]",15144,15144,1,5,2022-06-10 10:38:21
8,"[{'contacts': 'Rex', 'email': 'rexwang@cmi.chinamobile.com', 'phone': '1'}]",2022-06-10 10:37:46,256,1,2,"[{'contacts': 'Rex', 'email': 'rexwang@cmi.chinamobile.com', 'phone': '1'}]",15135,15135,1,5,2022-06-10 10:38:11
9,"[{'contacts': 'Rex', 'email': 'rexwang@cmi.chinamobile.com', 'phone': '1'}]",2022-06-08 14:33:34,255,1,2,"[{'contacts': 'Rex', 'email': 'rexwang@cmi.chinamobile.com', 'phone': '1'}]",15002,15002,1,4,2022-06-08 14:33:51
